,capacity_mw
2002-01-01 00:00:00+00:00,192.0
2002-02-01 00:00:00+00:00,194.0
2002-03-01 00:00:00+00:00,197.0
2002-04-01 00:00:00+00:00,203.0
2002-05-01 00:00:00+00:00,208.0
2002-06-01 00:00:00+00:00,214.0
2002-07-01 00:00:00+00:00,220.0
2002-08-01 00:00:00+00:00,226.0
2002-09-01 00:00:00+00:00,234.0
2002-10-01 00:00:00+00:00,242.0
2002-11-01 00:00:00+00:00,254.0
2002-12-01 00:00:00+00:00,290.0
2003-01-01 00:00:00+00:00,303.0
2003-02-01 00:00:00+00:00,305.0
2003-03-01 00:00:00+00:00,310.0
2003-04-01 00:00:00+00:00,320.0
2003-05-01 00:00:00+00:00,331.0
2003-06-01 00:00:00+00:00,342.0
2003-07-01 00:00:00+00:00,360.0
2003-08-01 00:00:00+00:00,375.0
2003-09-01 00:00:00+00:00,391.0
2003-10-01 00:00:00+00:00,408.0
2003-11-01 00:00:00+00:00,422.0
2003-12-01 00:00:00+00:00,434.0
2004-01-01 00:00:00+00:00,484.0
2004-02-01 00:00:00+00:00,499.0
2004-03-01 00:00:00+00:00,531.0
2004-04-01 00:00:00+00:00,574.0
2004-05-01 00:00:00+00:00,617.0
2004-06-01 00:00:00+00:00,674.0
2004-07-01 00:00:00+00:00,734.0
2004-08-01 00:00:00+00:00,783.0
2004-09-01 00:00:00+00:00,838.0
2004-10-01 00:00:00+00:00,899.0
2004-11-01 00:00:00+00:00,958.0
2004-12-01 00:00:00+00:00,1085.0
2005-01-01 00:00:00+00:00,1112.0
2005-02-01 00:00:00+00:00,1128.0
2005-03-01 00:00:00+00:00,1173.0
2005-04-01 00:00:00+00:00,1252.0
2005-05-01 00:00:00+00:00,1322.0
2005-06-01 00:00:00+00:00,1415.0
2005-07-01 00:00:00+00:00,1490.0
2005-08-01 00:00:00+00:00,1569.0
2005-09-01 00:00:00+00:00,1650.0
2005-10-01 00:00:00+00:00,1722.0
2005-11-01 00:00:00+00:00,1804.0
2005-12-01 00:00:00+00:00,2007.0000000000002
2006-01-01 00:00:00+00:00,2031.0000000000002
2006-02-01 00:00:00+00:00,2056.0
2006-03-01 00:00:00+00:00,2105.0
2006-04-01 00:00:00+00:00,2168.0
2006-05-01 00:00:00+00:00,2242.0
2006-06-01 00:00:00+00:00,2316.0
2006-07-01 00:00:00+00:00,2387.0
2006-08-01 00:00:00+00:00,2452.0
2006-09-01 00:00:00+00:00,2511.0
2006-10-01 00:00:00+00:00,2576.0
2006-11-01 00:00:00+00:00,2651.0
2006-12-01 00:00:00+00:00,2851.0
2007-01-01 00:00:00+00:00,2873.0
2007-02-01 00:00:00+00:00,2888.0
2007-03-01 00:00:00+00:00,2928.0
2007-04-01 00:00:00+00:00,2988.0
2007-05-01 00:00:00+00:00,3059.0
2007-06-01 00:00:00+00:00,3147.0
2007-07-01 00:00:00+00:00,3262.0
2007-08-01 00:00:00+00:00,3381.0
2007-09-01 00:00:00+00:00,3480.0
2007-10-01 00:00:00+00:00,3595.0
2007-11-01 00:00:00+00:00,3734.0
2007-12-01 00:00:00+00:00,4101.0
2008-01-01 00:00:00+00:00,4137.0
2008-02-01 00:00:00+00:00,4184.0
2008-03-01 00:00:00+00:00,4253.0
2008-04-01 00:00:00+00:00,4362.0
2008-05-01 00:00:00+00:00,4464.0
2008-06-01 00:00:00+00:00,4599.0
2008-07-01 00:00:00+00:00,4739.0
2008-08-01 00:00:00+00:00,4875.0
2008-09-01 00:00:00+00:00,5051.0
2008-10-01 00:00:00+00:00,5250.0
2008-11-01 00:00:00+00:00,5490.0
2008-12-01 00:00:00+00:00,6075.0
2009-01-01 00:00:00+00:00,6093.0
2009-02-01 00:00:00+00:00,6114.0
2009-03-01 00:00:00+00:00,6195.0
2009-04-01 00:00:00+00:00,6333.0
2009-05-01 00:00:00+00:00,6511.0
2009-06-01 00:00:00+00:00,6737.0
2009-07-01 00:00:00+00:00,7046.0
2009-08-01 00:00:00+00:00,7362.0
2009-09-01 00:00:00+00:00,7742.0
2009-10-01 00:00:00+00:00,8129.0
2009-11-01 00:00:00+00:00,8689.0
2009-12-01 00:00:00+00:00,10509.0
2010-01-01 00:00:00+00:00,10526.0
2010-02-01 00:00:00+00:00,10582.0
2010-03-01 00:00:00+00:00,10925.0
2010-04-01 00:00:00+00:00,11452.0
2010-05-01 00:00:00+00:00,12110.0
2010-06-01 00:00:00+00:00,15275.0
2010-07-01 00:00:00+00:00,15338.0
2010-08-01 00:00:00+00:00,15475.0
2010-09-01 00:00:00+00:00,16290.0
2010-10-01 00:00:00+00:00,16388.0
2010-11-01 00:00:00+00:00,16668.0
2010-12-01 00:00:00+00:00,18078.0
2011-01-01 00:00:00+00:00,18100.0
2011-02-01 00:00:00+00:00,18133.0
2011-03-01 00:00:00+00:00,18241.0
2011-04-01 00:00:00+00:00,18419.0
2011-05-01 00:00:00+00:00,18794.0
2011-06-01 00:00:00+00:00,19555.0
2011-07-01 00:00:00+00:00,20155.0
2011-08-01 00:00:00+00:00,20764.0
2011-09-01 00:00:00+00:00,21215.0
2011-10-01 00:00:00+00:00,21673.0
2011-11-01 00:00:00+00:00,22441.0
2011-12-01 00:00:00+00:00,26047.0
2012-01-01 00:00:00+00:00,26079.0
2012-02-01 00:00:00+00:00,26138.0
2012-03-01 00:00:00+00:00,27796.0
2012-04-01 00:00:00+00:00,27891.0
2012-05-01 00:00:00+00:00,28042.0
2012-06-01 00:00:00+00:00,30287.0
2012-07-01 00:00:00+00:00,30425.0
2012-08-01 00:00:00+00:00,30685.0
2012-09-01 00:00:00+00:00,31798.0
2012-10-01 00:00:00+00:00,32279.000000000004
2012-11-01 00:00:00+00:00,32656.999999999996
2012-12-01 00:00:00+00:00,32900.0
2013-01-01 00:00:00+00:00,33155.0
2013-02-01 00:00:00+00:00,33342.0
2013-03-01 00:00:00+00:00,33635.0
2013-04-01 00:00:00+00:00,34021.0
2013-05-01 00:00:00+00:00,34348.0
2013-06-01 00:00:00+00:00,34662.0
2013-07-01 00:00:00+00:00,34967.0
2013-08-01 00:00:00+00:00,35244.0
2013-09-01 00:00:00+00:00,35489.0
2013-10-01 00:00:00+00:00,35714.0
2013-11-01 00:00:00+00:00,35898.0
2013-12-01 00:00:00+00:00,36029.0
2014-01-01 00:00:00+00:00,36219.0
2014-02-01 00:00:00+00:00,36316.0
2014-03-01 00:00:00+00:00,36470.0
2014-04-01 00:00:00+00:00,36658.0
2014-05-01 00:00:00+00:00,36829.0
2014-06-01 00:00:00+00:00,37003.0
2014-07-01 00:00:00+00:00,37377.0
2014-08-01 00:00:00+00:00,37494.0
2014-09-01 00:00:00+00:00,37579.0
2014-10-01 00:00:00+00:00,37654.0
2014-11-01 00:00:00+00:00,37737.0
2014-12-01 00:00:00+00:00,37792.0
2015-01-01 00:00:00+00:00,37918.0
2015-02-01 00:00:00+00:00,37990.0
2015-03-01 00:00:00+00:00,38085.0
2015-04-01 00:00:00+00:00,38178.0
2015-05-01 00:00:00+00:00,38272.0
2015-06-01 00:00:00+00:00,38357.0
2015-07-01 00:00:00+00:00,38542.0
2015-08-01 00:00:00+00:00,38858.0
2015-09-01 00:00:00+00:00,38927.0
2015-10-01 00:00:00+00:00,38989.0
2015-11-01 00:00:00+00:00,39060.0
2015-12-01 00:00:00+00:00,39207.0
2016-01-01 00:00:00+00:00,39269.0
2016-02-01 00:00:00+00:00,39316.0
2016-03-01 00:00:00+00:00,39388.0
2016-04-01 00:00:00+00:00,39475.0
2016-05-01 00:00:00+00:00,39573.0
2016-06-01 00:00:00+00:00,39673.0
2016-07-01 00:00:00+00:00,39751.0
2016-08-01 00:00:00+00:00,39860.0
2016-09-01 00:00:00+00:00,39969.0
2016-10-01 00:00:00+00:00,40079.0
2016-11-01 00:00:00+00:00,40231.0
2016-12-01 00:00:00+00:00,40705.0
2017-01-01 00:00:00+00:00,40751.0
2017-02-01 00:00:00+00:00,40898.0
2017-03-01 00:00:00+00:00,41012.0
2017-04-01 00:00:00+00:00,41155.0
2017-05-01 00:00:00+00:00,41347.0
2017-06-01 00:00:00+00:00,41559.0
2017-07-01 00:00:00+00:00,41696.0
2017-08-01 00:00:00+00:00,41844.0
2017-09-01 00:00:00+00:00,41950.0
2017-10-01 00:00:00+00:00,42108.0
2017-11-01 00:00:00+00:00,42220.0
2017-12-01 00:00:00+00:00,42373.0
2018-01-01 00:00:00+00:00,42638.0
2018-02-01 00:00:00+00:00,42834.0
2018-03-01 00:00:00+00:00,42998.0
2018-04-01 00:00:00+00:00,43221.0
2018-05-01 00:00:00+00:00,43469.0
2018-06-01 00:00:00+00:00,43827.0
2018-07-01 00:00:00+00:00,44135.0
2018-08-01 00:00:00+00:00,44456.0
2018-09-01 00:00:00+00:00,44647.0
2018-10-01 00:00:00+00:00,44839.0
2018-11-01 00:00:00+00:00,45044.0
2018-12-01 00:00:00+00:00,45377.0
2019-01-01 00:00:00+00:00,46210.0
2019-02-01 00:00:00+00:00,46542.0
2019-03-01 00:00:00+00:00,46865.0
2019-04-01 00:00:00+00:00,47127.0
2019-05-01 00:00:00+00:00,47390.0
2019-06-01 00:00:00+00:00,47645.0
2019-07-01 00:00:00+00:00,47921.0
2019-08-01 00:00:00+00:00,48258.0
2019-09-01 00:00:00+00:00,48546.0
2019-10-01 00:00:00+00:00,48930.0
2019-11-01 00:00:00+00:00,49137.0
2019-12-01 00:00:00+00:00,49388.0
2020-01-01 00:00:00+00:00,49903.0
2020-02-01 00:00:00+00:00,50203.0
2020-03-01 00:00:00+00:00,50566.0
2020-04-01 00:00:00+00:00,50947.0
2020-05-01 00:00:00+00:00,51421.0
2020-06-01 00:00:00+00:00,51879.0
2020-07-01 00:00:00+00:00,52299.0
2020-08-01 00:00:00+00:00,52697.0
2020-09-01 00:00:00+00:00,53081.0
2020-10-01 00:00:00+00:00,53500.0
2020-11-01 00:00:00+00:00,54009.0
2020-12-01 00:00:00+00:00,54534.0
2021-01-01 00:00:00+00:00,54928.0
2021-02-01 00:00:00+00:00,55317.0
2021-03-01 00:00:00+00:00,55995.0
2021-04-01 00:00:00+00:00,56599.0
2021-05-01 00:00:00+00:00,56997.0
2021-06-01 00:00:00+00:00,57449.0
2021-07-01 00:00:00+00:00,57970.0
2021-08-01 00:00:00+00:00,58379.0
2021-09-01 00:00:00+00:00,58850.0
2021-10-01 00:00:00+00:00,59273.0
2021-11-01 00:00:00+00:00,59638.0
2021-12-01 00:00:00+00:00,60237.0
2022-01-01 00:00:00+00:00,60745.0
2022-02-01 00:00:00+00:00,61448.0
2022-03-01 00:00:00+00:00,62303.0
2022-04-01 00:00:00+00:00,62785.0
2022-05-01 00:00:00+00:00,63440.0
2022-06-01 00:00:00+00:00,64012.0
2022-07-01 00:00:00+00:00,64510.99999999999
2022-08-01 00:00:00+00:00,65205.0
2022-09-01 00:00:00+00:00,66061.0
2022-10-01 00:00:00+00:00,66685.0
2022-11-01 00:00:00+00:00,67344.0
2022-12-01 00:00:00+00:00,67812.0
2023-01-01 00:00:00+00:00,68833.0
2023-02-01 00:00:00+00:00,69761.0
2023-03-01 00:00:00+00:00,71023.0
2023-04-01 00:00:00+00:00,72214.0
2023-05-01 00:00:00+00:00,73567.0
2023-06-01 00:00:00+00:00,74959.0
2023-07-01 00:00:00+00:00,76469.0
2023-08-01 00:00:00+00:00,77865.0
2023-09-01 00:00:00+00:00,79099.0
2023-10-01 00:00:00+00:00,80644.0
2023-11-01 00:00:00+00:00,82095.0
2023-12-01 00:00:00+00:00,83256.0
2024-01-01 00:00:00+00:00,84891.0
2024-02-01 00:00:00+00:00,86149.0
2024-03-01 00:00:00+00:00,87574.0
2024-04-01 00:00:00+00:00,88943.0
2024-05-01 00:00:00+00:00,90178.0
2024-06-01 00:00:00+00:00,91708.0
2024-07-01 00:00:00+00:00,93387.0
2024-08-01 00:00:00+00:00,94457.0
2024-09-01 00:00:00+00:00,95755.0
2024-10-01 00:00:00+00:00,97472.0
2024-11-01 00:00:00+00:00,98708.0
2024-12-01 00:00:00+00:00,100728.0
2025-01-01 00:00:00+00:00,102307.0
2025-02-01 00:00:00+00:00,104140.0
2025-03-01 00:00:00+00:00,105021.0
2025-04-01 00:00:00+00:00,106091.0
2025-05-01 00:00:00+00:00,107357.0
2025-06-01 00:00:00+00:00,108459.0
2025-07-01 00:00:00+00:00,110039.0
2025-08-01 00:00:00+00:00,112090.0
2025-09-01 00:00:00+00:00,113115.0
2025-10-01 00:00:00+00:00,114446.0
2025-11-01 00:00:00+00:00,116383.0
2025-12-01 00:00:00+00:00,117865.0
2026-01-01 00:00:00+00:00,119094.0
2026-02-01 00:00:00+00:00,119979.0
2026-03-01 00:00:00+00:00,121476.0
2026-04-01 00:00:00+00:00,122556.0
2026-05-01 00:00:00+00:00,122964.0
